<particleSystem autoStop="-1.0" >

	<particleStream sequence="sequence" emitRate="2" offset="0,0" offsetType="groupRelative">
		<resource type="image" path="splash/fx/fx_bubble_d" />
		<velocity startX="(-80,-30)" startY="(-5,5)" />
		<acceleration rate="(1,4)" />
		<extForce force="-2.8,0" />
		<position startX="(-300,600)" startY="(-300,300)" />
		<scale startScale="(0.6,1.0)" endScale="(0.2,0.2)" constant="true" />
		<particleLife lifeTime="(7.0,9.0)" />
		<opacity startOp="(0.5,0.8)" endOp="1" constant="true"/>
		
		<opacityInterp>
			<opacityKey alpha="0" value="0" />
			<opacityKey alpha="0.6" value="1.0" />
			<opacityKey alpha="1.0" value="0.0" />	
		</opacityInterp>

		<jitter axis="Y" amplitude="(0.3,1.0)" period="(1.5,2.5)" rate="(1.5,2.5)" />
	</particleStream>

</particleSystem>