<particleSystem autoStop="-1.0" >

	<particleStream sequence="sequence" emitRate="1.3" offset="0,0" offsetType="groupRelative">
		<resource type="image" path="splash/fx/fx_bubble_d" />
		<velocity startX="(-7,7)" startY="(-20,-80)" />
		<acceleration rate="(1,4)" />
		<extForce force="0,-10.8" />
		<position startX="(0,0)" startY="(0,10)" />
		<scale startScale="(0.65,0.85)" endScale="(1.0,1.3)" constantScale="false" />
		<particleLife lifeTime="(6.0,7.0)" />
		<opacity startOp="0.5" endOp="0.3" constant="true" />
		<jitter axis="X" amplitude="(0.3,0.5)" period="(1.5,2.5)" rate="(1.5,2.5)" />


		<opacityInterp>
			<opacityKey alpha="0" value="1.0" />
			<opacityKey alpha="0.03" value="1.0" />
			<opacityKey alpha="0.85" value="1.0" />
			<opacityKey alpha="1.0" value="0.0" />	
		</opacityInterp>
		
		
	</particleStream>


</particleSystem>